NOMBRE_CLIENTE,DIRECCION,ID_CLIENTE,TIPO_CLIENTE,ID_PROVEDOR,TIPO_PROVEDOR,ID_CANAL,TIPO_CANAL,HASH_1,HASH_2,HASH_3
Deirdre Wynn,Accadia,22653479,NIT,17499354,CC,39538500,DNI,742839a3977543fa1f8031170cd02aab01bce4e68483c37bf84728fbb26717a2,069872f38b6e87d159deb74cdacc83fb139c122f305f510e0f01b41a69ae1481,a436e8155470390e2f680c49198cad3bc38c3811fb2532232c887ee709d9f374
Gareth Meyers,Vegreville,5383232,NIT,10369780,CC,39595941,NIT,cb013f87e16f3eda9dfffc4dc153e82c842f671f602261a3d71701b76a189c98,cb1bf7e9e5250345c3fed036d4bb81246edb34e5891a0298c09b5eb0e1bbc66f,2ee856db9a72ebba6da7901189265074dfd160a0957f48e744ba4e6b99c27dce
Autumn Simon,Kolhapur,13298941,TI,5035687,CE,35181862,NIT,28fd6dc07ce4c50eef18b959dcf1d89046969a39427e4e5885622b8281465cef,341c08801732b5d05557084028756ebdf17d6780256a56f97dbc71529e672c17,105cd2ef35cd402ec7fe5304eec204090ea4f1f30a55e101a0809e6a719230f6
Chiquita Kidd,Dieppe,5919032,CC,12754857,PP,11778299,NIT,629f7039e0c834c697f32591b9928bee8227603db44bf35f4bb4175b5eea4fce,d96c5c064bdac7ad4d7a5520fb4fdaa5f30c6d65d54985716f11c3871c84852f,ab188df65c2f8449c893d115493a6155c94dad93f468fa357d74ef433255bd7b
Georgia Garcia,Viersel,41799138,NIT,32448291,PP,35547589,DNI,b40eb1d610a5111b0bfe32bd4042a2a2f841f19b6cdf0db009f4e9336b38bd1f,08c98c41dbcc5df101ed7cf4160d8e40327d234ad1627a8c4fca5c4c1f99325a,b60939f4760b7bfba7d74cbe4d458a195de4834d3fb52ce52a6678adc54e46b9
Jerome Wiggins,Beerst,14556355,PP,44883284,CC,27519830,NIT,0725d74e2c78b11baabd9914ee818a2410453c93eefd51129789f7991c2d7c4c,baea627d2bc3648962257638ede5cc4882e5d363ceafc14d4c3944135d092557,bc374683376d868f6a94b409d3fa657eada7fa16478627f4adafcf1e1c524a9b
Chastity Bates,Ais�n,17979610,CC,48518508,TI,23615201,DNI,20c621457c754df2d73f80dde1b20e0ab5db4d139f7bf640c6ac94a4c8f2ae51,db61e0e41c8334b47a9958bb62ce07dd7678c9762878509e2771bba2c4f2910e,b5ea08d652dbcf6c7d75bfa82e9a67256d2c9e1c86cc3d3d1a008ee280beacfb
Marcia Wyatt,Rosolini,33953570,CE,34561726,CC,20925827,DNI,b599bdc824eeadfea6cfaf948c44c397c478a656343d93e081286492fa20c151,b3cc8a7b97b01d6781f25df791b334040244de3e440aa032c5ecbef2f4c1a7bb,e5b370a60fa5e246608f4841e0389f833fc7456f4f8260aace73c0d40a5609f1
Shafira Alford,Akola,34718317,TI,8321585,CC,25781412,DNI,1c08424bc49fd0068228fb2a8e128d3669d0b28235cac003a59f4a66521e9177,4e1c973277a90d65e0524acb7808dcbed36b9810f02186c9b7104a05ab74a3f8,ad6faabc484cc9c53371b1ebcee63a32590a236ecaec7438f6ae7e9e4c75a2d7
Jaime Johns,Ganshoren,46862403,TI,42291397,TI,10168867,DNI,b8dcc45d547912b73e01480b8fd2937b7ed2105993aaa43aa26f128a5c981e3a,4c36055aa6452ea6dbe5efebce788246429203487b741308b6efeb76ae919d01,8a239a3080d64477d1096ff49318309a8fc45d335712b887164c5bab86fbba73
Remedios Blair,Reno,38689048,TI,22338664,CC,7565119,NIT,34b298af6e30876208c784eaf28be1dfcbf0fb50ab117e2123a1572cf84f1b71,d1d6440fdee79b677bd2730beb63f61d7c1dbed99dc3ac646ad469fc320ae7d2,b2b46b96a398faccf8ccd93fe8c971cc801a9255851a8ea05f05a2d9e9da6d76
Venus Pope,Chambord,46077563,NIT,5598511,PP,6582379,RUT,c38b6f2d16c9a8298ddc986c7e33af2ab5125877376a6e99293d0e662c40b22b,2f7accee8886246190835423191534730c916c856c3d984acb915da6c14e3ff7,f500e6ed4d8e1f84049c5f65dfb25f806302fae87c51495366152d23d76f9f8e
Quintessa Ortiz,Zwettl-Nieder�sterreich,27888649,CE,50919745,PP,7927300,RUT,8cd501fd4dab570086bd2df51bfe7aeb8da990862e0edb14804f75ddfa879eab,a01673dc3ae2e047239dad08922faa761ac1e16e1814b847093853991277f927,0cdc906883270760591e629700204269775dff83ff472be265bc1b15d91878e0
Curran Mcpherson,Pitrufqu�n,50309231,TI,17179763,CC,46874867,NIT,4a375698e52df5933fddc041f49243b6fdde8fa0c2620b92a10d29aeb6190c2a,4fa901b41e7157d69b911b89dd1e732f4aadf4e55fe3ddd9983fef2169169847,bab64fb1bca53e89472b07973776648b0156353672622bfbd2821a88344cd547
Lester Walsh,Lochristi,30879533,PP,10962796,CE,23992868,DNI,e2247cd81f0c2693386f326e3ab9c8d1bbfeda079804fee02ce31a94e2f454d0,e4338625d2286d80aac63c8afd2b6579cdba8aeaf3f110eaf407cefc87494476,1b85a08f6d6561a6144193332f11704e3a3dbdb1b6a46da8692982d9a64bffa9
Otto Lamb,Reinbek,28971713,NIT,12106805,TI,15450555,DNI,aab6b0a1b58966e61924139dd87f192377fc648e1ff28b302410bb3a156368e4,b82a9d7f9c9fdb0b5d7d13945410237d656caeb923597b8b1e959d53c153d8ef,53d956dee2130708fcd8b55e39d244fef0cf130c40b67f40da8e4b3b05be0117
Rebekah Combs,Bedford,11599684,TI,49051174,PP,48168979,NIT,50b6396e4283e9f5f6344f6837d9a30adbc7a54e09feed61120d3dd5870526c5,3626a9d0a7a28c363ddc6528dafa483f529b968a1fe4879a601c0754b3c50a80,8f0a1c77d0eef9cb49875f869c63e925b0f2386814ac6234bed47a2684b877b4
Suki Schmidt,Seoul,50397961,TI,31778802,CC,16790759,NIT,94f1d938170a74f3e50ed01a467f31a91c384336ba0190c00d9fe168d5a0ce33,0fde2c9f4ce049b89ca7bdd786252bc130749d0cc3d7b253aed4dc95f989028b,f4652f662121850fcc2beea4062c387c75418dd65f2d77905405ef9b51404597
Janna Merritt,Mango,38068078,CC,46296639,CE,48895686,DNI,8aa2b6fb9f0a80e55fc65a98c1621d3d2658bdd3d97a791cc0e6d219d36b25b5,275fa58b9d70268bb78fa8acd3aa4930a8cb5cc8671f76bacb93545965917d64,aa25bb3c9db0a44b9c3eb05e1702fd9ce8bb344b9a5a0eee5304f65a2ce9d44d
Adele Mcbride,Sutton,22811156,NIT,29882284,CE,23329777,NIT,ab1b7595c9569fe19358e761053c9ed708b376cff5bbd12a16f7b96a8ea7c0b6,a78a6b3fac04c8c6666314fd6b1ed74d432d5b6a244c866ef78cbd27450cb9da,3f22c95ba9b1f621f4b8c39b96c5745da89d75d947a791f562ac98604eba95b4
Sasha Henry,Villers-aux-Tours,43215150,TI,22784641,TI,31682952,DNI,3a55262afa5e1df18ba1430f0c9d3f4e4e063808d7f87ae889a3c72bee45e8fe,eba0b984ef28098cedc7fe93275cd27991cd9f0963d85c7ac1b07a8bc52edd02,11cb9684ea40d47b3440df8fd1735b5c1e13a648b1948d815db9b12525c623e0
Maryam Ballard,Yeovil,32822683,NIT,33393146,TI,14010132,RUT,2c228468f1f0818e116ec330d5000075ee602cb6f4cb639f0220948ed3e0926d,6a8db4be3596f9aee0666a777ecfbe8dd61470ca8c24d1f41c6885c8d66fdd58,64c28e0205f0da2ff8a2f67a840c25be492021cfb22081bc56758e4d6c626e49
Walker Griffith,Harbour Grace,26402482,CC,49715871,PP,39352767,RUT,7456e324a79d2303f01bda415edf92bec93a3820f12a0df14db10757bfacfce3,b6f181ca05daab875d897dab774c97fbff2f525e7feba142a617c24f4fbe4d40,4ff6de6c1ce9c8e3da803dd26d7aa96827a31654f9064a435826809dd3777e3f
Leo Tate,La Pintana,33822521,PP,34370004,CC,22965552,RUT,04088b491d96e651be200df217801253e14396c24ac55fc2a1facb344fa42cce,fdb10f38fe8c69438ab9bd30a900cee78f771b61a54e9a837e2f119b3b2ed54f,12394961fd7233e2f80b66cbb5d55080aa64edbb35d5b3cc9d4d9a5e3f9f07a3
Germane Forbes,Armo,22270701,CC,30353681,CC,27945510,DNI,398e4996566e7debca6ddb549f701425f324743232271f8a2987b9aa1f231fd2,d8f45ade1988b9683d1a867a7d4f523c82c5be492a130f18bfeba33c35cf6aeb,bbe07bf781410fe54437e01ce31b1d4be494491673b8cea39a2cd1ba5ed99933
Lev Cooke,Patos,39078451,TI,20208311,TI,36281398,RUT,6d2995b470f4190966a9cfbf02e3cf991e5fa7b215e744de95b1d6aa51f52b40,5bf83752d5ba69ed80526d58c0a6c07d454518c97842160593ebeef1e06cb063,0c7bcd35358eca35b82037e91b3879a01d187a683127f0369b3709bfff84028f
Vielka Sanders,Saint-Pierre,35078070,CC,25582569,NIT,11957849,RUT,e568a34aeb63876658839b0338a5781a9f9ad916e48e037e5e7a1b2c9ab73e08,345f64667eedee2fd542757f35a4b2adfc177e12e3b3ab96716fc1895dee1fff,3f27c73133f9a8b2ecdb2281e5f8f653147466cd95f905209e6808f6d220eb9a
Kieran Mendez,Fort Laird,27929897,CC,33863565,CE,40476253,RUT,58621ccf947584f3fedae1f67358378829c8d1c7afc8ccf9fc46ce204d661b60,80ebdcfc6d12c6707183ada9b0e1c4c5254033d27616e3e267e4a4348c1fbe82,8bee58b3a2e931f81379282b3f6e1831287f04f91dc4ff081f6452e0af2bcb55
Tyler Head,Sant'Elia a Pianisi,39947017,NIT,47668962,CC,29711181,DNI,3efc985d110a681ccb29eadedbd24bfb8566c1192dcd5684afdf0c3c7eba31d3,03a8799651c6162e650e514d32b05f7ff79140156a9a9e8fb3ff64e08099b084,b0b8c9e7ca1f894cbd9ffb7795098cbcb17e92f5183913984b559cfeb3af706e
Rylee Galloway,Kasli,37120398,CE,19125672,CE,46989913,NIT,a913f5099c4a72d4c7828a50a2b70e1fe490700d06c5cd430282bbe7da212f4d,f3f2f4fb00e5f9d0f23fe84501abae19cd47c1fa724c330c62b84d7821672d2e,cdf627216ec853083c8bd67dde69c93dbb93f4798d043cd60d2cfc4ef9aab5d1
Hakeem Frank,Latinne,33190479,CC,36195871,TI,35099279,RUT,3c00c0c3879d707c4322977872c2f34cec6331adbb1f4ecc00a3c158d901dbfe,ce0da82d1d8ab96d70196623cf286742dcf10e35d039ac442789d3f8ad97b81d,083456f2890935879b534db60c9f64ceb2ec5ca57ccd963fc65106fd0b47da63
Leah Bullock,Wadgassen,36757991,CE,25745195,CC,9168436,RUT,e45272d8951ca1419421a346d3b53be71af2ad511a58f71d79af5cdffb56e914,c6cde54a433c2baf79169f8ade1f16978703e69d4c469544ef85dcbdadb74a08,b11261e0f82f193d8044365dce783bf3b30bf4988378f270fb87166fd422ed2c
Hamilton Hodges,Andalo,29189204,PP,18801776,PP,33861277,DNI,34ac035bdba3435ac5ba93184c4bfa04e88e9eb06b95d7b89a782971a92d9744,574a46b158f91142f97030ee62867a66f45163d4464c59f7de7be3d861b5905d,90f718e3fb7a3208ea98775c99553558dbe75c8f6019d494bfb72d256d372ea4
Bree Boyle,Phoenix,46397790,PP,17410226,PP,22589029,RUT,7013d126e1797d03d91c56b2118086f5d56177a3fc8890cd39612f77dd034a31,72f234b33c735592e09f7a7762f5ebd6fce2a24ca5faad49d445b3f7aac36b91,2f7948d1359bf0843265ce403e2f040fbeafd190d7f989724d24e7d6c505c221
Alexander Lott,Andong,48922753,NIT,45879574,TI,37526073,RUT,34bf3fcd7bf5ad5c48af7a3df1e608b2a391b3bfc05cd24c870898e66dba4e89,e4357fba77c9b4748e3abc8ecf7b9cd93d64611f423a0844244592bd1bcdacc2,a56c8085acdac21d26fa4d3c0aa86c288bae6fa38234b142080011ac3e444582
Vladimir Ware,Weert,38472311,CC,29579236,PP,38547286,NIT,3a16b6e4d61b0411e7e8f2edac91e68850f2a95c2d991c6d215f602df2fd38e2,284323de454d8f30e38835e60effde3bc03a2d8c1f2a8ba43ace2168b3cc254b,35e3b8936f17524525361bc4c0a466b43d1a297203bdb6c10565b082d9713c6a
Malcolm Maddox,Talara,45121605,PP,49091756,NIT,26102817,DNI,2dec53ef5251e789c8bab05a1a5739968b83cb1bbfc5617782f480787b7edafe,c2085ca3349c57fd873f2520f70c1a744d1d3045548c51bec70f8dc5adbda02d,c79db7f54322b1271c5337d8012de192bab748222506edfaff319e12575c01a8
Noble Matthews,Hantes-Wih�ries,28616250,CE,25781072,CC,45653297,RUT,df30e1ee761acaceb35233b69f2279693bfb76eebf30df0f0cdf2c1b88540563,e2e4817ee7b3247498c7c02c787a6d7903cef768afd891568cb0c6322f00c28b,089c7e2b439e3ac40110453b22b8cab209f7ccf110bb440630611869d5d8a176
Dai Key,Paranagu�,44138923,TI,48029183,PP,42557504,NIT,d717fb919daab5400ab71045a95e7f804d7273862d019f957c80d272ebbb1b34,981743c522d80ff5a6f5bedf50f777df6e4ca973bca6b806664d46bdef5299ed,76792fa27d1ed014334312c57f4eb88ad1c5db18543b2396717c31dcceb08588
Brendan Pearson,San Donato di Ninea,32289172,NIT,28889519,CE,30891265,RUT,155a98af1b1a5f61850bfe51e278e16517b8d38f1eb2ce288d80ab5230f3b18a,fda2de62d0c16ba7e46d78746cb3ae10cbce7a5ee177d82e942350efd72623c6,fdf522a65f25369850de6757427ee81fd095ca41d38667d4221ff7c7e9abf2bf
Elvis Hancock,Blevio,16064196,PP,45699622,NIT,39040894,NIT,7754fd918ba2ca957f8c9248b18627dd1fbd37e1707ccde3b782eefd3a42881c,40f238cfd9847236e36cce626d125394fe529b5fe2ab0af41d977ff51da84872,b3d461f14a1cc1a844f9ef16ad7b0f290914b0ccffa8dd9378762ef4c8c6e330
Yasir Snider,Vihari,33877724,TI,44105242,CC,40274646,RUT,13344898f12296d7b548d28c44888f35cc6b97ea9308ee20940e6c3930532590,8ec569e8f9e5d777fa8287e551ae408b3718dbacc87895dcfb067b0decc0ed72,8ef8556d51c87f303d28a819062e00e16462f7f93d95dab38dac5e95ce63c246
Kaseem Good,Montenegro,17785364,NIT,44719962,TI,13571850,DNI,333e122295cb450bcd83ba9bd748fb0d81475c8e28dd02302d3d4e23549408b0,50a86dd865bdf9d14d0f63c916dd2fd24cb8dc2b94814bfd5d132688861de219,9e014789f88b3cfe48168b428508beaf4a308bd298f660385ec320f11660943f
Ora Pena,Wemmel,48706127,CC,11522263,PP,12417672,DNI,e76c8324077d715c1e9cd59ce4ce7d45e5e1f1ec994b3a9a2633e666f9f0d3e6,2f57c0421e5c1f9d145bcbf238de8aae03b12ed4bd31504413e76cc8714f2607,13fe5d7bd5230821d2f89656d9b2660aefa7078074be14255b30e88088eac23a
Oscar Beach,Maiolati Spontini,20316739,NIT,46534176,NIT,7263367,NIT,1e304b41f56125766719dba0416614444a9b6e6caa84850f719eab133886db88,66e20816c38d5373087397f136fef441a0154e59f97d33f12ba2af215b45c252,b50e92f47a2e264d87abcff0ad0da4a98f01f4af428f8c4f3c531a0e4a55b50f
Dacey Hall,Uttarpara-Kotrung,44688326,CE,10540861,TI,43537973,NIT,c1a4811ff5de6125c42612437887efdc7a63882b45009bcb2cf3c63987dba901,4d4f9c2a8eba539ae6d8a1a914e47604fd5c5e20d65e8689f0316ec82f9bf674,f62689a27c4e452e3ca80cbcfa40dd1073925cbe361e678b9973f9a9a9de005a
Zia Day,Las Cabras,30106172,CC,30149680,PP,21604062,NIT,a2ca4a673f1ed632dabbcc2ed328fb44ec6046a5aaf0c3df95369e833064619c,fbf1d3b874ebb7d16428f77fa5986a283ce53af14855b99b03d7f7232b46f5ad,eaa2f045bed8d56f67744289a8468cd18383635baaa0aeb9b16f1a0e9cf5db71
Julian Carter,Kelowna,19095567,CC,34410315,TI,41469060,RUT,d9350124fa56f6a6626f79476a2a08142b4eadeec5a2ec09919373f2e512d20e,59e98cbf2cad20227702293613a752896ae000a1dd61c5708004b46415cd98f1,6a79aea003eceddb182275251cc7e7e6a36fe171c908a34e007027cf17f5c3dc
Shellie Perez,Funtua,6720819,CE,44777146,CC,18273114,RUT,2d268466433fe225d12cacc166242134394bec189e90e77172abe767df72ae3e,ae60eb390da308f17e43d23d4a3e3fe4ae301f2cc511aa32d279748e88a6c3f8,6ce97530fed6461a9ab02c1bc9694c5a7fb5c186614266f884a3592fa7031bd2
Zeus Day,�ald?ran,42203227,PP,12759843,CE,23007225,RUT,d796e93413ad0c86f11c05d4534d857645dbe405ffccebfad397e7399bd5f447,79d8a384aaf31be10664bad412958dbc2545718aa240c3fc459854b4655f1a49,5f759eb1e768e990bfe6100acb4fac9d90cd70d3fb4a1b9401c81a9cb82e534f
Katell Pierce,Medea,25018191,CC,34880390,NIT,37353431,DNI,ddc9ace76a8ba98d84121442f27a70577430b06316f606a34d8e546f0f860417,e0fc908f6eeb7804b64c16ee6e2621d4aa14fdff6f99edc9aa6f50780636638e,c1005fe7470e8a627d9facceff41999c92e6cd313f70134c639ea455c2053f20
Tiger Mathis,Padang,38358339,NIT,35919347,CC,38000720,RUT,25e48a63823dc443f85d553142c2ba56c66c83366de14a467f46be9b4ea625a3,1de0e0d00443281e363b465567775fa4559fa81c0ccf610143bb0b7d597e35ef,2e58138f3b0fc384d4466f092f1586a692f0a873a219cdd8da10a8696bfb5242
Sandra Morales,Forchies-la-Marche,47391619,NIT,21480842,NIT,37463106,DNI,c6486f19a724e3f5dd5726287d6f912a1c058ee6a7dd9c025ef89ad8d9924c79,8efac91bcaa42d7a89f14e478b16ee969af6ddf3b863f286f2457b497f10a12f,041c0934efba68c6b5789cb6ee55f073f62ac330fee8b93773c3fb989cf186b1
Kiara Hyde,Fairbanks,43366008,TI,43853387,CC,30185643,RUT,f0ecd86e9f1d95edddd09ade49185735f909d8ae17c909da2275f033519dd2f4,320cca070a3dc0105bbe7ac581588155d7ed9d23fe89dfcaac50430c8abff745,2acb1dc355d73a8299f674247fe93f2b99f3e60ce4044d183f665819f4e66ee1
Tate Roth,Augsburg,17718493,CC,20033030,CE,25145117,RUT,2a0173ec55726581da80e6cdfd793629ac429c094cccc3651922b525c17e8ce4,6f4fcb3c1c6dd73030aa63699554231929c234f159df199ec97857637c073466,0e4d1900df9da48d143d5ad31595336aa5a8606f9f547e4a92c014a04dd561d7
Ava Spencer,Tver,49256564,NIT,10278400,PP,10407656,NIT,1f98be95c877436666dd431df77682f79d59c11cde438a09844adf4d0cf98091,24c0b1153c457eac73c416a7111ae6b576c711866110b41062a45f8783603634,7876652e27ea03b02e0518e43a24f126c6e1c09799f59eb24818eb093a8cbd9d
Cameron Browning,Castel Volturno,44247876,CE,27266394,CE,30185315,DNI,2a17f5e69b0f5e68769bd49578d7580c8bf98c0a867b8906df592c89a685f380,46e7fc5cb5d615526d6f44ce0deababecf46757db6990e9a73f2a1c42050eacc,69ce66546a76dfbbef8d4bc6e523a99f1ff1b4fa78b72f9234c399884a389e6c
Brynne Grant,Chantemelle,17410440,NIT,44898108,CC,50675833,RUT,b98649ff8c1bf4b07fc431919f24ba318c160da0c9f0560a74e6b97cb4fe7780,55fd71504b89c72a05515152348aeeeb192c9132018a35f790093b9676f14e3f,c6788e1abd7eab45d780666196d1c6be7bfe0fa0a2e554921c9e10f2c8fd0e31
Jeanette Henson,Fort Resolution,11989176,TI,38630756,TI,50362746,DNI,8da4b9dec0f548c9a18b0a93d1973c0db865a962fd6f55f610afd83ebc067690,30489ffe0100f34178c6e4579581a26c75454e28f1cc40a7a8327fcb9dfad6dd,7cd105611b1c417d42ba57f3f15cc1087e5e6fcc0478257dfa45d7e69386707f
Lee Ayala,Groenlo,49578211,TI,49982503,CE,11058761,RUT,89c349384e42f3b9fced72c763f226f415fd31b3496935a26757f2a79465c048,6c71f67918194fcf426df8ff486035790ee6c2cb1606800dfdcc414f6d994417,0b54b327e4149d123a8c72163d1d805e181784b5635839fe78ce74917663eab4
Jena Harrison,Gatineau,20434286,NIT,7092358,CC,11565070,DNI,d6cf1ed5147bf3c05e8425e3665327ef9ab8a669d0d2c3d007595ec3e22fc40b,02ca0cb234510c1d8d00d41f7c15564ec16a769d186e6754aa7bd07bc7894787,f2ecc68d8e08e6ebb337012695f33a92b1cfa5d4d33b26723de91f499bc4877a
Francis Farrell,Ferlach,40515278,CE,41811491,TI,18783671,RUT,995340f01171f7cd135e685587e2cc5386fe466944fbffb51c3c1185915d83db,155fd2a15a54611aab7f5483f575f111e99153245664349db8decb3c26dbfdc3,47d5c848823867114e1baffbf78176d54a403c2318ff4ba17b9ac13d21183895
Camille Velazquez,San Benedetto del Tronto,22348808,CE,13169226,NIT,33132338,RUT,c5173c20b99e3d9a01a1c142e23a8284683437777d4dca8b578fa7e220eca7d5,bb5f73fcc4555a0ea272140c944fd30b7f5f80f2a0012f5dbbc5bff7700e16a9,19f17107499121b867f81d911767d39040d0caaaf451aafdde1600940a065ce2
Elmo Clements,St. Austell,34964942,CE,32582573,CC,43224735,RUT,1097740b894539831a9e67d4f712cfd9727ce6e9786370827cb3f8a08d48e199,82a994f2dcf708127cd1c9dbb494cc1861067f219f955e5c8493d4e23eaa3528,04b71d45391d1f24cd6f2797d6a8fd355b014b1aa32e4183478ecda389aaf9f9
Jana Fuentes,College,16586351,CE,25134012,NIT,41791320,NIT,180d79f6739d684a992b1a68b5da00685c361f24cab314c6b7b4f256d195b1fd,a9cfa9264c28a234c500fa0e8079aae1436abe576681ba17b333f46a6e58f8d5,1148c943826e0b0a4ef27493f0ec76e5bd5f4feb01617ccf30ac9e7674f75ed2
Howard Hubbard,Baubau,44880120,CE,50400294,TI,19578455,NIT,42549072313c728f5736534ecb18013a8c33814a778c2162d8bb8c224425409a,51910f286e4f19c6e18d7730d63480b117b04a9b29399768a893a7eb9a122bc1,c4a8763c1cb66d9ff97586489455409d77dd6761a95e38a4bdcf25f44bef1b0b
Keith Blackwell,Petrolina,17863308,TI,45946764,TI,23726301,NIT,5d2d694c6885a6607f5025691c1e618c2eba76622685d321c37deeae67bb4198,bc4da1cee9f01bedcbfe30d27e021dbf1f1513c5d879f2f03655f5c3bb4189cb,f44ee3a03b666d7449ce2d784614373a4bc972dd4dd5f40ee7c41e26c39fb84c
Myra Alvarez,Hannover,23778983,CC,39775942,CC,46877770,NIT,f39bec28d27517ce6fe0a912e2b7d882f7db2b57a87c949c3071210095abeb18,af5a4506840c684c63a44022e6538da9e85c9d411a5ee553674887c076277120,54af8d4ce1156be8defa5738d4450f03d40f625da237cb0e7763f49fc19df6ac
Jeremy Sanford,Bridgnorth,17499426,NIT,8756111,CC,22798704,DNI,c4b484e58daced8b7b419a26d607348f63f4133512d530c4a977e27e719e6bcd,54941d6a77a2fb2f5487231ba3cb74ae88d735ffae8b43268ad9e989c6d2685e,92736ee4cc555d2c5c7e73c2ad599a373932da9bf22b42e561fde3c9d13d2246
Quemby Chang,Aiello Calabro,43646167,TI,34291462,CC,18248071,RUT,260f063e4a4128d307422c85835979dc20e187ec7a59398c38546cc2bced25b6,2dee39f267744199458388d88105b8f756375aae00fc6e46b19a25c28092d7ba,660fdba7b363fd61a9ff2001e02791afe593b782a7ed64d0f73079b7513f6513
Nolan Maldonado,Gandhidham,46760677,CC,30988604,CC,7727978,NIT,3c74c6a848a98f0f79abcdcc958959d9843c4eca5ba3cc91e8126df4aef046fb,2a22a7117e6212e5fc5ec9f5c29485cb11594f06c3e9795b0bc1e7892f8299a9,3db2660d7586a16e8194b8584f439e0d3f8e202d630656d8cc3fb3cad3397dbe
Yoshio Swanson,Varna/Vahrn,22322298,CC,36616389,PP,41662850,RUT,50a656926fb123af7fd7912e739a32804f688f4d3166ef2fe34279895ca13aaf,71ee78e052129b6712a4f004babfc80cd4697ede70778cdc7061b6dd7547b602,8e7c2ef4c5947bc9094555a6fa40d5f199fd31088d6fe903d2b2c2a5600ee253
Nathan Hahn,Rotem,18044303,CC,26593184,NIT,46444503,DNI,5b7dc72cbf101a3af369b44a0eb14a0f9200bffa29b52d1de6e5872712fa2c4d,568554fc5da193ea38236eb9a04f5b8391448dbc4e0c7c6b174d4c7b9a5d2266,c14c203e532cf7331820773e5bd27741f1da3a88ca6590046c3c5199617b889a
Dylan Hall,Mj�lby,11881692,TI,50573862,PP,48270238,NIT,b95a9c4da2f2d976fec95c6394a8f0c8d7607cc55ed4bdc407867ded2720d346,470fe5e414a63633a2ea38a828ced5b1942aba5ff9f6dd332d5b07091554f08a,8fb5bb70e0f9f71f38cde57892b284fa704bcc55ed62dba808bd139bdda1eddf
Colette Walker,Monterrey,48584319,NIT,34540777,CC,21903049,NIT,d89095c6093beb53230d03f6e18adc3ff5d70e9eb42033b585269f5a7a867cb7,627e12498292a4c39129837bf6cf149ca195dfc3ea8708926b670f9a27fc404b,8005f960ecd9fdaddae9532ae2e85ced7edc0b7ab6059c3655febb250c4b0deb
Kimberly Nash,Lukhovitsy,15735726,PP,8793690,NIT,37024962,NIT,63d3e21df0fb7299dfc76571458b2bd0721ddefbc414dd4a65e817af63d54a95,a43bfd53df9d3520bcbf5d1638ea6e765d546e101c74b96707b30dba4bd35363,e80fd905806e45be9c83978a076a999099f0905138775490f758818a5cfb4384
Gisela Garza,Sant'Urbano,18387881,CC,23870150,NIT,45806590,DNI,dca1ca7f951bb461c8f6e5f42c0503efe46f53d6a6b02c8af50601b1055443e8,a595694700f37574cfd98f96d78c6ecf5cb9a9c9f6c29feeb94e7c732cd9cabb,6b04e856049b209b7ffc319392b43bf7d6b40b7c4b6c132730b646af1ee2c53c
Autumn Gutierrez,Balvano,31730555,NIT,19294207,PP,19041292,RUT,20624f01f5bc2d368b70175cc2ed7839c86a0cd749ec28d2af49dd241f1d683d,9907d2fd21e39df18eb327bf5667bc64c83e918220b41665fe3064896b2877f6,4aa45976c8c6088d28bf7386031b4fabedb091ea6e9fd13bb1a21965b7f33dd5
Althea Stokes,Yahyal?,30413204,CC,23663776,CC,23175136,RUT,eb77ef8d1478441313d42dedc1d0358a0cd95fe74dfb1936ebfe32bb9d290378,cfb7560d2c4ff66b919b6c392e063f908737f463a8608f934f2b480efb28bb1b,3eebfe49298f102ad9a530ef2c236ed974d016e51b87de7a262b954f63ef80bd
Tucker Jenkins,Namyangju,19353473,NIT,23888922,CC,46992961,NIT,d199c9cfcf9843a8c191732b199a012ac4ab08a5bea050e06d9b8eb9907fe590,481d44e6ccea3201c61aabdaed05b056f016d61a8f140f6b7c97919034d50dd9,e1fe55a0b2928e3db459dc348a3936885268981418bd262fc388b6ba52e6dd9e
Phelan Montgomery,Hamilton,34274818,TI,12257021,PP,16317920,NIT,9e7bbafa47cfe7f449b6252b78439058ef13ebf55e5906db6e65ef4e8c3e45f5,3dba14e23d66b82c69dc697eb79f1f980c496d17b3d713bf9d164f4700fb1342,03af71070852281f903e65eaf990ee68d44001abffdbc30a6bd84480d39c1763
Aristotle Horton,Dunfermline,48996409,TI,27640500,NIT,25285331,DNI,eaa33d29f0cc3de7aee92b9beb5bebb00cad06ef7c11c3872c4d7a4c33756f30,63a264057dad70dea183f92df092694d7e2e548b32e383ff64da8036f0f154a4,a300bd5fb8ee3bcc188fc48d73d7184c80f89cc69b1ad784006db452174f8c25
Kendall Decker,Minneapolis,8963798,NIT,47158881,CE,14533733,RUT,5c02bb2d28a963ec2b8b3a4a13dc4440f1ccd16d85eb607f485bc44cebef2817,9c07356854a1af975847fc79bf2e15b41f38998c9e3cd7e53672bf6642ddf389,29510645030f9b832c92bdef9c64cef2460bd83b9faa13ca29ac57e9f54f4829
Noble Conner,Recoleta,18746018,CE,27471332,TI,24433093,RUT,4e081d78b7879518d7bfe4ca20f6a23a539699890d623b865be8676f09b90c21,87114a2915245f50ec872c868a14d0d7fc2c43007e270c98d1f819a832288d99,8449ede488af6f91f5e30404d0ff513ed35c5f539f48aecaa68b1a415cc8132f
Cassady Branch,Tintange,12429407,CE,5930488,PP,41992814,DNI,a33ffeadc9c62d258eca8a357efd4548ff34a267c7a1ab806c205e1fa3876472,41f3d44f10a8ec641a3fb03f315e721c0feecd93f7956164076953e4eb4f43f8,f207f274c8b98038eb05589b15134abb2424a6be47ebf3ae1024ef31d748957f
Maite Riley,Beervelde,38463281,TI,40466812,PP,33078289,NIT,7ed883dc0eaf348f5687c594c8db91f73ec72d62720bd6ab20a54567895cae8e,3af303f9856f69869b3b508058b5354c4dd0e45713c7f7859c457297ba38ecdd,120ab60dfbd7a138705ae01581f7f0b844d16f9fd30197902df94cbdd11687bd
Jade Fuentes,Dos Hermanas,8808146,NIT,12039725,CE,5292336,DNI,944c5806aadbab324ebcd5cb11044e7bb5bbb540512289c61d3ad2821c38c621,1853d431048ae9bb36875d97842d9d5b7eb1f04da68e2bb30e6f3ab6a389e9dd,1e447fa9eb03a8153dd9aa01071178d11b5e15dca820b9447d147dd24ea2a814
Rogan Howell,San Giacomo degli Schiavoni,34775299,TI,33404617,CE,44187430,RUT,f33e3e3d717c997ec9a8cd072b0b87353c29e280c1665fe68dfafd934ca498c2,d3d5e7553d1ab079cc45c5d96ec2152a700402972504a73a975d1245ef11f9ef,2437322bba875a17abb89626b9da494d042b9291a9e48a1233c9da32e7f2dfbb
Rachel Dennis,Koszalin,30281904,TI,30584334,PP,27850175,DNI,6f69c7f83dc277cf57298423322e27f80968ddff05b1e0b70653a41edc5e3797,fbfc1b05ecebc527ca32e362019af85cbb67f97118014f70989ff249e6999200,f036766bd6ca2adfd64b41c4b0feee7c294a7c988879443b02dc5df7639f3420
Armando Kerr,Mirpur,7905179,NIT,6996865,CC,10534120,NIT,0f17ade8c8fe552b9b790a37b7486465bd95ead3f70c9b3995b38407fa649784,b6c658ede617ce678faf9975ac00337b9c4fefd484a0a02994ce3aeb51f3514d,7efb791506ba47fe3adbf096946baa86fc48f1f0e9995edb5525fabdfaaf0122
Chloe Duke,Mansehra,13880967,CC,18356942,CE,10303032,DNI,5aa1e1d2a537a4161f2293ff08d93ad01a29a8ecca62c083aa4856d849f8567c,cb55b811f4a89acff300c0240a2b3cbc97f9e9fb066891820caa4c70ddd6dc33,0962047d44bed05886805296aa65da1c691bff53b5ccb7bbefe3874439bb2f53
Kameko Gentry,Armadale,13679985,TI,16158629,PP,5524800,RUT,8dfcb1ad575018c1ba9724ce3b77e8f6043caa0e93e030692185dc6013df91af,5ff5d1a97cd824fa0c3a5198fbcfd6993d7fb772f9927a8017a42ff3f1075abc,b0dbdbfeb2f5e1cc6c479baf954ff301ef8d3c3f20f7df00ed1c523155a82f46
Castor York,Chiusa/Klausen,30034221,TI,14025261,PP,18196369,DNI,27a82f9571597a564f85928a3e38bbd7808a1954d0d7a5dc3e4d9d3c6a361213,9c5ec3f8da5dac666a9a383d500a3a808049c44f0f4016befd55f344a4a89c33,7565bf8ba3e22c5656012a8444caa00af8bc056d0529439cfd5b2f36fefbee3d
Harrison Hopper,Colomiers,26545932,CC,45751341,TI,28121080,NIT,202d7a173829a80bc8b21c589b67190808b271244721b8d59f595226e803cd7b,cc3f4a35e8a85cdbf153c3ffbce038b94762ee6b80d44f75c77a2dc0e5689738,c189b30636c77eed8046eebba271d11670616fe43049526bbcd4233cb8de9584
Bertha Tucker,Colina,31523118,PP,42596894,TI,31783127,RUT,34a6a25dc7d687b5cd5db7e9f467d66d65db7f0aaf047b812992f2ac12a2368c,d841aaa780ef02d44e7aa567dc3ca6f84bfd41d44abe1b943c0436e2c00eb98f,22e069f0b4b264cf5ec510422a1cc2e8e49b130594e44d61a3dbdd2ae4389608
Lane Shields,Bida,5948388,PP,8009866,CE,15381095,DNI,c1c863c69163940e4dd945124a23a1a9358c6d675ce31f0d1a18dccebbc2b317,c7849dc91083efc09702ea91449bd98a626786c23f687ee4fcf93201d751f9c6,08845fd14f75cb382374682ede4f42fdaa1ca190f258fb52bcd7fd10b46e82c3
Maggie Hampton,Niel-bij-As,13026771,TI,50961537,CC,44712430,DNI,abfceeced5de85f14bf943a385c96411e98fad6bf95d41eb895917e324b56196,1f2986b363dc961efdb297dbe624b18ff6a891974228897197644b40b15e0edc,64acfa3ed9004fb8a5aab8e53b4dc55d5e39f8e946baccf1cc23dfc9dadb8238
Calista Morrow,Melbourne,33560429,NIT,48213589,CE,33662215,NIT,43d5a100058671f70b43d189302db2045c3f72aa6040a6274f4376db5645387a,228572b46eb3f1de740e121c0f3c9a2865376ac383726d47e47e885be51a5798,945730e8d4d3d630967fa5bc1358f4669437660ce7796b52e1522f53dc078c59
Colby Skinner,Esslingen,49913100,CE,46399618,TI,5150883,NIT,2816877edf992c8626217c1b34855f41f5b88045fa76a701b819d30569e8e357,8960f5538cfcb4cdc819418da676be538eb5418cd5ea642ba5aa088d95396ec0,b69191d7117f7b6e3e36eb61bed635cc4baa3f9a68ea4aa406f978260ab0ae8b
Addison Fry,Balurghat,6797045,CC,18410515,TI,10387248,RUT,50f96aaf30f1443d420cbeee7b6af0ba702604e166c8706d3f8dfd56bb767f21,fcdc5dfa0d47fb8fe2661b065a375a6d38ff5d843af81af61e592605233cd41e,01a07a0283eb9bbbb5d026dc49278afff619cad2ad522710a4ba11e858a6a031
